i value,Gravity X,Gravity Y,Gravity Z,Lift X,Lift Y,Lift Z,Drag X,Drag Y,Drag Z,Magnus X,Magnus Y,Magnus Z 
1 , 0 , -1.71675 , 0 , -0.364591495088 , 1.70142697708 , -0.315226229107 , -0.928714819093 , -0.199010318377 , -0.0 , 0 , 0 , 0
2 , 0 , -1.71675 , 0 , -0.363327005522 , 1.69162468154 , -0.309298601198 , -0.922924195679 , -0.198007310003 , 0.00119377071493 , 0 , 0 , 0
3 , 0 , -1.71675 , 0 , -0.362820109727 , 1.68582362958 , -0.299618405886 , -0.918908760875 , -0.197346057714 , 0.00236277256865 , 0 , 0 , 0
4 , 0 , -1.71675 , 0 , -0.362968389569 , 1.68350065611 , -0.285380105066 , -0.916396007627 , -0.196985003688 , 0.00349849245445 , 0 , 0 , 0
5 , 0 , -1.71675 , 0 , -0.363352416332 , 1.68269240446 , -0.265927522373 , -0.914387559594 , -0.196723958022 , 0.00458402836063 , 0 , 0 , 0
6 , 0 , -1.71675 , 0 , -0.363410021997 , 1.68080078964 , -0.242350773337 , -0.911666845332 , -0.196307188101 , 0.00559351028641 , 0 , 0 , 0
7 , 0 , -1.71675 , 0 , -0.363285341204 , 1.6784556983 , -0.218808915314 , -0.908923700305 , -0.195878540591 , 0.00651346387108 , 0 , 0 , 0
8 , 0 , -1.71675 , 0 , -0.362756706343 , 1.67446627932 , -0.19932732444 , -0.905752074393 , -0.195348515244 , 0.0073403773534 , 0 , 0 , 0
9 , 0 , -1.71675 , 0 , -0.361972455221 , 1.66942444283 , -0.185468504579 , -0.902489904327 , -0.19478316002 , 0.00809149831883 , 0 , 0 , 0
10 , 0 , -1.71675 , 0 , -0.360727423564 , 1.66234419392 , -0.176662851565 , -0.898476002136 , -0.194035352583 , 0.00878165154111 , 0 , 0 , 0
11 , 0 , -1.71675 , 0 , -0.358938283841 , 1.65287897116 , -0.171987729031 , -0.893403505888 , -0.193030283632 , 0.0094252338703 , 0 , 0 , 0
12 , 0 , -1.71675 , 0 , -0.356715830091 , 1.64159749001 , -0.170832412754 , -0.887524741283 , -0.191812676832 , 0.0100385866177 , 0 , 0 , 0
13 , 0 , -1.71675 , 0 , -0.354156562233 , 1.62897539558 , -0.172890126946 , -0.881080448821 , -0.190427375062 , 0.0106363169324 , 0 , 0 , 0
14 , 0 , -1.71675 , 0 , -0.351318635432 , 1.61528602112 , -0.178034867246 , -0.874223272025 , -0.188902370805 , 0.0112313284698 , 0 , 0 , 0
15 , 0 , -1.71675 , 0 , -0.348265979352 , 1.60081601525 , -0.186166137503 , -0.867128256628 , -0.187271797136 , 0.0118366287622 , 0 , 0 , 0
16 , 0 , -1.71675 , 0 , -0.345102467921 , 1.58603489999 , -0.197010658731 , -0.860075334033 , -0.185593675602 , 0.0124667044299 , 0 , 0 , 0
17 , 0 , -1.71675 , 0 , -0.341909409734 , 1.57131882508 , -0.209908526959 , -0.853268956053 , -0.183911511215 , 0.0131346040479 , 0 , 0 , 0
18 , 0 , -1.71675 , 0 , -0.338645851995 , 1.55650672755 , -0.223744212709 , -0.846561051757 , -0.182194190299 , 0.0138457468031 , 0 , 0 , 0
19 , 0 , -1.71675 , 0 , -0.335284915831 , 1.5415423341 , -0.237225113054 , -0.839824846445 , -0.180414678063 , 0.0146010638632 , 0 , 0 , 0
20 , 0 , -1.71675 , 0 , -0.331891136658 , 1.52681138417 , -0.249240454066 , -0.833176286655 , -0.178597956444 , 0.0154005165088 , 0 , 0 , 0
21 , 0 , -1.71675 , 0 , -0.328495381967 , 1.51253179318 , -0.259027653077 , -0.826645926024 , -0.176752042595 , 0.0162387499406 , 0 , 0 , 0
22 , 0 , -1.71675 , 0 , -0.325143680062 , 1.49897001526 , -0.266273506502 , -0.820327616368 , -0.174899185675 , 0.0171091186729 , 0 , 0 , 0
23 , 0 , -1.71675 , 0 , -0.321907121517 , 1.48648213166 , -0.271031471109 , -0.814407856496 , -0.173082045848 , 0.0180064711385 , 0 , 0 , 0
24 , 0 , -1.71675 , 0 , -0.318811797989 , 1.47519311592 , -0.273502048406 , -0.808963619113 , -0.171320808083 , 0.0189244257912 , 0 , 0 , 0
25 , 0 , -1.71675 , 0 , -0.3158358884 , 1.46499951377 , -0.273871902821 , -0.803946021787 , -0.169609155242 , 0.0198548153397 , 0 , 0 , 0
26 , 0 , -1.71675 , 0 , -0.312943606462 , 1.45574278775 , -0.272237542627 , -0.799270222695 , -0.167932778525 , 0.0207891050135 , 0 , 0 , 0
27 , 0 , -1.71675 , 0 , -0.310105706243 , 1.44731486189 , -0.268566275351 , -0.794871452764 , -0.166281096126 , 0.0217193001971 , 0 , 0 , 0
28 , 0 , -1.71675 , 0 , -0.307303426293 , 1.43968312589 , -0.262672343021 , -0.790717900176 , -0.164650093467 , 0.0226379322862 , 0 , 0 , 0
29 , 0 , -1.71675 , 0 , -0.304520437817 , 1.43285566353 , -0.254213148832 , -0.786792609968 , -0.163038738057 , 0.0235371415133 , 0 , 0 , 0
30 , 0 , -1.71675 , 0 , -0.301711076649 , 1.42672367425 , -0.242736641438 , -0.783008209944 , -0.161431496514 , 0.0244055127668 , 0 , 0 , 0
31 , 0 , -1.71675 , 0 , -0.298726086565 , 1.42067125084 , -0.227873558498 , -0.778991441703 , -0.159754086426 , 0.0252202453665 , 0 , 0 , 0
32 , 0 , -1.71675 , 0 , -0.295314568107 , 1.41348993342 , -0.209895292207 , -0.774074568204 , -0.157871409052 , 0.025945552495 , 0 , 0 , 0
33 , 0 , -1.71675 , 0 , -0.291470764047 , 1.4049296445 , -0.190517501861 , -0.768295915831 , -0.155790051665 , 0.0265683501448 , 0 , 0 , 0
34 , 0 , -1.71675 , 0 , -0.287335688674 , 1.39525784844 , -0.172350065019 , -0.762044271896 , -0.153586433442 , 0.0270950811172 , 0 , 0 , 0
35 , 0 , -1.71675 , 0 , -0.282963573925 , 1.38437456806 , -0.15726362187 , -0.755362984309 , -0.151267267237 , 0.0275311725446 , 0 , 0 , 0
36 , 0 , -1.71675 , 0 , -0.278454242437 , 1.37263280395 , -0.145746947323 , -0.74844956143 , -0.148869635115 , 0.0278949990642 , 0 , 0 , 0
37 , 0 , -1.71675 , 0 , -0.273720965648 , 1.35961570292 , -0.137355314711 , -0.740967435386 , -0.146325676471 , 0.0281870014633 , 0 , 0 , 0
38 , 0 , -1.71675 , 0 , -0.268746057625 , 1.34530583738 , -0.131488177285 , -0.732838096012 , -0.143618744952 , 0.0284148226686 , 0 , 0 , 0
39 , 0 , -1.71675 , 0 , -0.263578175583 , 1.33001252462 , -0.127675267321 , -0.724211511257 , -0.140777458657 , 0.0285925829762 , 0 , 0 , 0
40 , 0 , -1.71675 , 0 , -0.258262371164 , 1.31399892178 , -0.125607172549 , -0.715228725272 , -0.137829370037 , 0.0287326179075 , 0 , 0 , 0
41 , 0 , -1.71675 , 0 , -0.252827180984 , 1.29741512791 , -0.125112973612 , -0.705974558867 , -0.13479169963 , 0.0288440698435 , 0 , 0 , 0
42 , 0 , -1.71675 , 0 , -0.247290338312 , 1.28033115652 , -0.126129226125 , -0.6964947535 , -0.131674538289 , 0.0289338914214 , 0 , 0 , 0
43 , 0 , -1.71675 , 0 , -0.241664710339 , 1.26277402437 , -0.12866060091 , -0.686816579448 , -0.128484705764 , 0.0290079537546 , 0 , 0 , 0
44 , 0 , -1.71675 , 0 , -0.235964563303 , 1.24477092579 , -0.132728366587 , -0.67697270314 , -0.125230157032 , 0.0290722311821 , 0 , 0 , 0
45 , 0 , -1.71675 , 0 , -0.23021375845 , 1.22640910713 , -0.138303492099 , -0.667033155068 , -0.121925741971 , 0.029134255624 , 0 , 0 , 0
46 , 0 , -1.71675 , 0 , -0.224446003125 , 1.2078592887 , -0.145226871281 , -0.657111454252 , -0.11859405331 , 0.0292033464746 , 0 , 0 , 0
47 , 0 , -1.71675 , 0 , -0.21867652653 , 1.18924211075 , -0.153133757757 , -0.64727343667 , -0.115248857876 , 0.0292862390987 , 0 , 0 , 0
48 , 0 , -1.71675 , 0 , -0.212873388778 , 1.17047326822 , -0.161442336605 , -0.637438856764 , -0.111878090496 , 0.0293817312885 , 0 , 0 , 0
49 , 0 , -1.71675 , 0 , -0.206998208459 , 1.15146795478 , -0.169470354291 , -0.627509902397 , -0.108467210057 , 0.0294854464845 , 0 , 0 , 0
50 , 0 , -1.71675 , 0 , -0.201041906035 , 1.13230861419 , -0.176602657714 , -0.617482182834 , -0.105018428764 , 0.0295948175955 , 0 , 0 , 0
51 , 0 , -1.71675 , 0 , -0.19499607295 , 1.11305128126 , -0.182394860226 , -0.607341446046 , -0.10153278169 , 0.0297048072645 , 0 , 0 , 0
52 , 0 , -1.71675 , 0 , -0.188860512377 , 1.09374913359 , -0.186630461853 , -0.597089114821 , -0.0980143758249 , 0.02980980418 , 0 , 0 , 0
53 , 0 , -1.71675 , 0 , -0.182657700946 , 1.0745370557 , -0.189313329317 , -0.586794963867 , -0.0944786279586 , 0.0299072037554 , 0 , 0 , 0
54 , 0 , -1.71675 , 0 , -0.176410319188 , 1.05551374607 , -0.19058386546 , -0.576523094555 , -0.090939719566 , 0.0299946642928 , 0 , 0 , 0
55 , 0 , -1.71675 , 0 , -0.170126448177 , 1.03666820043 , -0.1906316693 , -0.566283698656 , -0.0874030187913 , 0.030067953199 , 0 , 0 , 0
56 , 0 , -1.71675 , 0 , -0.163804940479 , 1.0179230249 , -0.189644744466 , -0.556054083132 , -0.0838687597406 , 0.0301219229514 , 0 , 0 , 0
57 , 0 , -1.71675 , 0 , -0.157443523966 , 0.999191672064 , -0.187786694235 , -0.545808412654 , -0.080336806364 , 0.0301519340457 , 0 , 0 , 0
58 , 0 , -1.71675 , 0 , -0.151041957505 , 0.980403348304 , -0.185186687703 , -0.535529605457 , -0.076808434636 , 0.0301543997815 , 0 , 0 , 0
59 , 0 , -1.71675 , 0 , -0.144601923965 , 0.961505764568 , -0.181935591706 , -0.525209526671 , -0.0732862858745 , 0.0301267149423 , 0 , 0 , 0
60 , 0 , -1.71675 , 0 , -0.138126006654 , 0.942460649469 , -0.178085408755 , -0.514845908937 , -0.0697738594144 , 0.0300669921327 , 0 , 0 , 0
61 , 0 , -1.71675 , 0 , -0.13161671265 , 0.923238729869 , -0.173650012039 , -0.504439531258 , -0.0662750812757 , 0.0299738014121 , 0 , 0 , 0
62 , 0 , -1.71675 , 0 , -0.125075739636 , 0.903815940801 , -0.168605950595 , -0.493992431309 , -0.062794047582 , 0.0298459663547 , 0 , 0 , 0
63 , 0 , -1.71675 , 0 , -0.118503483769 , 0.884170990014 , -0.162893157726 , -0.48350714418 , -0.0593349224898 , 0.0296824244798 , 0 , 0 , 0
64 , 0 , -1.71675 , 0 , -0.111898761706 , 0.864283535409 , -0.156416819176 , -0.472986679409 , -0.0559019337158 , 0.0294821416612 , 0 , 0 , 0
65 , 0 , -1.71675 , 0 , -0.105258500638 , 0.844128846011 , -0.149053806417 , -0.462433576659 , -0.0524992576854 , 0.0292439839155 , 0 , 0 , 0
66 , 0 , -1.71675 , 0 , -0.0985762920691 , 0.823653439836 , -0.140670448427 , -0.451841683264 , -0.0491301258734 , 0.0289661446932 , 0 , 0 , 0
67 , 0 , -1.71675 , 0 , -0.0918381656091 , 0.802701318529 , -0.131164616683 , -0.44116926939 , -0.0457941793944 , 0.0286443732923 , 0 , 0 , 0
68 , 0 , -1.71675 , 0 , -0.0850226747991 , 0.780925964663 , -0.120560443942 , -0.430314065019 , -0.0424856801968 , 0.0282703174277 , 0 , 0 , 0
69 , 0 , -1.71675 , 0 , -0.0781375278037 , 0.757999902593 , -0.109187262424 , -0.419222718142 , -0.0392049785236 , 0.0278389330882 , 0 , 0 , 0
70 , 0 , -1.71675 , 0 , -0.0712739548849 , 0.734129071764 , -0.0977914810779 , -0.408095905377 , -0.035975586669 , 0.0273631718382 , 0 , 0 , 0
71 , 0 , -1.71675 , 0 , -0.0645416377124 , 0.709636587363 , -0.0872406188648 , -0.39715798824 , -0.0328195316442 , 0.026860040509 , 0 , 0 , 0
72 , 0 , -1.71675 , 0 , -0.0580192566195 , 0.684731659898 , -0.0781117361425 , -0.386538944814 , -0.0297474787131 , 0.0263425428385 , 0 , 0 , 0
73 , 0 , -1.71675 , 0 , -0.0517563323415 , 0.659662432572 , -0.0705504420383 , -0.376342560569 , -0.026765624331 , 0.0258231377575 , 0 , 0 , 0
74 , 0 , -1.71675 , 0 , -0.045750353592 , 0.634303426187 , -0.0643711548589 , -0.366518468829 , -0.0238679444008 , 0.0253037348957 , 0 , 0 , 0
75 , 0 , -1.71675 , 0 , -0.0399935613966 , 0.608524015595 , -0.0592897533148 , -0.357026210402 , -0.0210496063631 , 0.0247860480605 , 0 , 0 , 0
76 , 0 , -1.71675 , 0 , -0.0344905827791 , 0.58235163107 , -0.0550469322324 , -0.347889746027 , -0.018309622928 , 0.0242753093176 , 0 , 0 , 0
77 , 0 , -1.71675 , 0 , -0.0292508641026 , 0.555855336345 , -0.0514349144782 , -0.339149147209 , -0.0156469318103 , 0.0237771382286 , 0 , 0 , 0
78 , 0 , -1.71675 , 0 , -0.0246131084423 , 0.536233277817 , -0.0489474094072 , -0.332781502583 , -0.0131357060499 , 0.0234329970265 , 0 , 0 , 0
79 , 0 , -1.71675 , 0 , -0.0218351470364 , 0.558598426667 , -0.0506316996328 , -0.33834027506 , -0.0110570295807 , 0.0239231614919 , 0 , 0 , 0
80 , 0 , -1.71675 , 0 , -0.0188055794031 , 0.579899490254 , -0.0524920979416 , -0.344058284805 , -0.00894599538637 , 0.0244310530557 , 0 , 0 , 0
81 , 0 , -1.71675 , 0 , -0.0155518397059 , 0.600187327824 , -0.0545421748393 , -0.34989872632 , -0.00679868787617 , 0.0249546813986 , 0 , 0 , 0
82 , 0 , -1.71675 , 0 , -0.0120999718401 , 0.619504284146 , -0.0568089818548 , -0.355827763241 , -0.00461226036219 , 0.0254922868513 , 0 , 0 , 0
83 , 0 , -1.71675 , 0 , -0.00847512635445 , 0.637882426414 , -0.059334484398 , -0.361813079612 , -0.00238477637041 , 0.0260422694235 , 0 , 0 , 0
84 , 0 , -1.71675 , 0 , -0.00470209146295 , 0.65534320396 , -0.0621768914799 , -0.367822929866 , -0.000115108308045 , 0.0266031570835 , 0 , 0 , 0
85 , 0 , -1.71675 , 0 , -0.000805759802905 , 0.671898086035 , -0.0654112665216 , -0.373825679149 , 0.00219712902113 , 0.0271736137235 , 0 , 0 , 0
86 , 0 , -1.71675 , 0 , 0.00318859113761 , 0.687549757424 , -0.0691281623955 , -0.379789730772 , 0.00455162990278 , 0.0277524788648 , 0 , 0 , 0
87 , 0 , -1.71675 , 0 , 0.00725536203061 , 0.70229241452 , -0.0734280574136 , -0.38568316991 , 0.00694743803972 , 0.0283387860461 , 0 , 0 , 0
88 , 0 , -1.71675 , 0 , 0.011369174471 , 0.716107955288 , -0.0784083347021 , -0.39147140021 , 0.00938292449396 , 0.0289316210222 , 0 , 0 , 0
89 , 0 , -1.71675 , 0 , 0.0155059618815 , 0.728957359297 , -0.0841398886881 , -0.397111715295 , 0.0118555988543 , 0.0295297147693 , 0 , 0 , 0
90 , 0 , -1.71675 , 0 , 0.0196449470191 , 0.740784746398 , -0.0906355511626 , -0.402552197289 , 0.014361907595 , 0.0301312835013 , 0 , 0 , 0
91 , 0 , -1.71675 , 0 , 0.0237726735472 , 0.751573969016 , -0.0978237336467 , -0.407755197628 , 0.0168980107633 , 0.0307356272895 , 0 , 0 , 0
92 , 0 , -1.71675 , 0 , 0.0278888142533 , 0.761439932427 , -0.105544517154 , -0.412741663689 , 0.019462212943 , 0.0313463039497 , 0 , 0 , 0
93 , 0 , -1.71675 , 0 , 0.0320076288988 , 0.770613897029 , -0.113565088615 , -0.41758899088 , 0.0220561944002 , 0.0319708857035 , 0 , 0 , 0
94 , 0 , -1.71675 , 0 , 0.0361515819617 , 0.779320609149 , -0.121607948492 , -0.422373772228 , 0.0246829189753 , 0.0326165144257 , 0 , 0 , 0
95 , 0 , -1.71675 , 0 , 0.0403456310603 , 0.787757775932 , -0.129407330316 , -0.427163074859 , 0.027345991096 , 0.0332890980371 , 0 , 0 , 0
96 , 0 , -1.71675 , 0 , 0.0446135270053 , 0.79611348498 , -0.136763350775 , -0.4320268458 , 0.0300502529454 , 0.0339942697987 , 0 , 0 , 0
97 , 0 , -1.71675 , 0 , 0.0489709315423 , 0.804493770651 , -0.143553919129 , -0.437001857585 , 0.0327991219272 , 0.0347346923849 , 0 , 0 , 0
98 , 0 , -1.71675 , 0 , 0.053422330978 , 0.81290461041 , -0.149727166756 , -0.442079557514 , 0.0355928649993 , 0.035509144604 , 0 , 0 , 0
99 , 0 , -1.71675 , 0 , 0.0579647180741 , 0.82131771316 , -0.155293648479 , -0.447238667237 , 0.0384304088002 , 0.0363151504812 , 0 , 0 , 0
100 , 0 , -1.71675 , 0 , 0.0625917617886 , 0.829713586716 , -0.16031018896 , -0.452467425574 , 0.041311124874 , 0.0371509029502 , 0 , 0 , 0
101 , 0 , -1.71675 , 0 , 0.0672953251105 , 0.838079177512 , -0.164857917857 , -0.457761067499 , 0.0442348297702 , 0.0380152192406 , 0 , 0 , 0
102 , 0 , -1.71675 , 0 , 0.0720656260751 , 0.846395375559 , -0.169024801114 , -0.463113130845 , 0.0472010750318 , 0.038906917015 , 0 , 0 , 0
103 , 0 , -1.71675 , 0 , 0.0768913811064 , 0.854632804113 , -0.172896247822 , -0.468511470963 , 0.0502086980936 , 0.0398244985807 , 0 , 0 , 0
104 , 0 , -1.71675 , 0 , 0.0817600953231 , 0.862753955077 , -0.176551922584 , -0.47393843581 , 0.0532557311634 , 0.0407661434513 , 0 , 0 , 0
105 , 0 , -1.71675 , 0 , 0.0866582713697 , 0.870716417235 , -0.180066063439 , -0.479372261582 , 0.0563394589601 , 0.0417297972747 , 0 , 0 , 0
106 , 0 , -1.71675 , 0 , 0.0915713952322 , 0.878474723137 , -0.183509473775 , -0.484788073123 , 0.0594564668321 , 0.0427132334368 , 0 , 0 , 0
107 , 0 , -1.71675 , 0 , 0.0964836817617 , 0.885980498793 , -0.186952229336 , -0.49015810114 , 0.0626026175834 , 0.0437140553927 , 0 , 0 , 0
108 , 0 , -1.71675 , 0 , 0.10137762142 , 0.893181386317 , -0.190466644345 , -0.495451255968 , 0.0657729515591 , 0.0447296492547 , 0 , 0 , 0
109 , 0 , -1.71675 , 0 , 0.10623339272 , 0.900019336452 , -0.194130232952 , -0.500632343885 , 0.0689615301841 , 0.0457571090581 , 0 , 0 , 0
110 , 0 , -1.71675 , 0 , 0.111028231004 , 0.906428862883 , -0.198028375904 , -0.505661260382 , 0.0721612604888 , 0.0467931629452 , 0 , 0 , 0
111 , 0 , -1.71675 , 0 , 0.115735895169 , 0.912335896549 , -0.202256177826 , -0.510492548011 , 0.0753637576273 , 0.0478341352295 , 0 , 0 , 0
112 , 0 , -1.71675 , 0 , 0.120326447652 , 0.917657894066 , -0.206918521184 , -0.515075693485 , 0.0785593131805 , 0.0488759796158 , 0 , 0 , 0
113 , 0 , -1.71675 , 0 , 0.124766616898 , 0.922305495878 , -0.212126495159 , -0.519356186521 , 0.0817369930375 , 0.0499143849498 , 0 , 0 , 0
114 , 0 , -1.71675 , 0 , 0.129020972214 , 0.926184946441 , -0.217987273353 , -0.523276375889 , 0.084884726927 , 0.050944852596 , 0 , 0 , 0
115 , 0 , -1.71675 , 0 , 0.133054107057 , 0.929199970562 , -0.22458408428 , -0.526774492048 , 0.0879891045164 , 0.0519625587177 , 0 , 0 , 0
116 , 0 , -1.71675 , 0 , 0.13683476351 , 0.9312579618 , -0.231946220044 , -0.529784689012 , 0.0910353047469 , 0.0529622328668 , 0 , 0 , 0
117 , 0 , -1.71675 , 0 , 0.140345015092 , 0.93230278607 , -0.240019655433 , -0.532254975333 , 0.0940101540186 , 0.0539397323147 , 0 , 0 , 0
118 , 0 , -1.71675 , 0 , 0.143596431211 , 0.932392311391 , -0.248659025313 , -0.53419959889 , 0.0969118216222 , 0.0548971885958 , 0 , 0 , 0
119 , 0 , -1.71675 , 0 , 0.146641518074 , 0.931754984699 , -0.257645872394 , -0.535741177714 , 0.0997588230834 , 0.055847512507 , 0 , 0 , 0
120 , 0 , -1.71675 , 0 , 0.149562237567 , 0.930722727616 , -0.266711699945 , -0.537065651584 , 0.102583374544 , 0.0568101721637 , 0 , 0 , 0
121 , 0 , -1.71675 , 0 , 0.152448125702 , 0.929627258476 , -0.275575869414 , -0.538353399168 , 0.105419024321 , 0.0578041609227 , 0 , 0 , 0
122 , 0 , -1.71675 , 0 , 0.155385089855 , 0.928777718378 , -0.284010438707 , -0.539775081149 , 0.108299663458 , 0.0588475371477 , 0 , 0 , 0
123 , 0 , -1.71675 , 0 , 0.158442001255 , 0.928417191141 , -0.291874283518 , -0.541469486769 , 0.111254807481 , 0.0599551510641 , 0 , 0 , 0
124 , 0 , -1.71675 , 0 , 0.16165568334 , 0.928654728313 , -0.299102291817 , -0.543495249978 , 0.114298895103 , 0.0611333107493 , 0 , 0 , 0
125 , 0 , -1.71675 , 0 , 0.165032681248 , 0.929482112383 , -0.305693666203 , -0.545841541511 , 0.117432114048 , 0.0623806064804 , 0 , 0 , 0
126 , 0 , -1.71675 , 0 , 0.168561217165 , 0.930836890962 , -0.311703966541 , -0.548472072752 , 0.120648810953 , 0.0636926252222 , 0 , 0 , 0
127 , 0 , -1.71675 , 0 , 0.172219337045 , 0.932636334192 , -0.317226709274 , -0.551345738909 , 0.123941710929 , 0.065064336302 , 0 , 0 , 0
128 , 0 , -1.71675 , 0 , 0.175977632243 , 0.934781476708 , -0.32237123026 , -0.554414280624 , 0.127301344632 , 0.0664898865776 , 0 , 0 , 0
129 , 0 , -1.71675 , 0 , 0.179800276569 , 0.937156003232 , -0.327247660203 , -0.557617226903 , 0.130714763556 , 0.0679619641787 , 0 , 0 , 0
130 , 0 , -1.71675 , 0 , 0.183646028439 , 0.939628785614 , -0.331960833221 , -0.560881365615 , 0.134165205739 , 0.0694716117454 , 0 , 0 , 0
131 , 0 , -1.71675 , 0 , 0.187468967424 , 0.942057642321 , -0.336609981978 , -0.564122633091 , 0.137632336791 , 0.0710083136515 , 0 , 0 , 0
132 , 0 , -1.71675 , 0 , 0.191218637324 , 0.944291592054 , -0.341290981797 , -0.567247822748 , 0.141092494219 , 0.0725600781243 , 0 , 0 , 0
133 , 0 , -1.71675 , 0 , 0.194839706782 , 0.946171337553 , -0.346099072521 , -0.570155454092 , 0.14451876451 , 0.0741134353117 , 0 , 0 , 0
134 , 0 , -1.71675 , 0 , 0.19827160475 , 0.947529330651 , -0.351130736449 , -0.572736505058 , 0.147881049351 , 0.0756534333029 , 0 , 0 , 0
135 , 0 , -1.71675 , 0 , 0.201448802858 , 0.948191338774 , -0.356483424012 , -0.574876178216 , 0.151146421058 , 0.0771637826284 , 0 , 0 , 0
136 , 0 , -1.71675 , 0 , 0.204302523 , 0.947981173612 , -0.362251154009 , -0.576457509913 , 0.154280005892 , 0.0786272646957 , 0 , 0 , 0
137 , 0 , -1.71675 , 0 , 0.206764600251 , 0.946729237265 , -0.368513050412 , -0.577366495279 , 0.157246346688 , 0.0800263687675 , 0 , 0 , 0
138 , 0 , -1.71675 , 0 , 0.208774259874 , 0.944285589665 , -0.375312383722 , -0.577498288028 , 0.160011148863 , 0.0813440902024 , 0 , 0 , 0
139 , 0 , -1.71675 , 0 , 0.210289662027 , 0.940545033668 , -0.382630039074 , -0.576770603159 , 0.162545146879 , 0.0825657481422 , 0 , 0 , 0
140 , 0 , -1.71675 , 0 , 0.211307638077 , 0.935503519667 , -0.390370075843 , -0.575163023408 , 0.164835639504 , 0.0836846442856 , 0 , 0 , 0
141 , 0 , -1.71675 , 0 , 0.211888155762 , 0.92934147129 , -0.398376799761 , -0.572783073807 , 0.166906701606 , 0.0847121883054 , 0 , 0 , 0
142 , 0 , -1.71675 , 0 , 0.212160511802 , 0.922447002335 , -0.406466459425 , -0.569887126702 , 0.168827617347 , 0.0856823097089 , 0 , 0 , 0
143 , 0 , -1.71675 , 0 , 0.21229484072 , 0.915314839181 , -0.414442554979 , -0.566800757075 , 0.170691667266 , 0.0866410533823 , 0 , 0 , 0
144 , 0 , -1.71675 , 0 , 0.21246574247 , 0.908434696269 , -0.422126160263 , -0.56383898576 , 0.172593096108 , 0.0876351469792 , 0 , 0 , 0
145 , 0 , -1.71675 , 0 , 0.212827574735 , 0.902236304413 , -0.429404835154 , -0.561280530258 , 0.174619041775 , 0.0887080484705 , 0 , 0 , 0
146 , 0 , -1.71675 , 0 , 0.213488190411 , 0.897012773222 , -0.43623446167 , -0.559316142013 , 0.176832713722 , 0.0898915958098 , 0 , 0 , 0
147 , 0 , -1.71675 , 0 , 0.214493435372 , 0.892868611525 , -0.442611041852 , -0.558007623623 , 0.179258680752 , 0.0911985319267 , 0 , 0 , 0
148 , 0 , -1.71675 , 0 , 0.215837019518 , 0.889758950201 , -0.448563182534 , -0.557319107341 , 0.181890600527 , 0.0926261814295 , 0 , 0 , 0
149 , 0 , -1.71675 , 0 , 0.217479454937 , 0.887556795429 , -0.454151377647 , -0.557168266711 , 0.184706279954 , 0.0941638957508 , 0 , 0 , 0
150 , 0 , -1.71675 , 0 , 0.219360724609 , 0.886090476713 , -0.459454558453 , -0.55744949945 , 0.187674579416 , 0.0957964843311 , 0 , 0 , 0
151 , 0 , -1.71675 , 0 , 0.221406349694 , 0.885156400542 , -0.464552831664 , -0.558036732728 , 0.190755922121 , 0.097504409252 , 0 , 0 , 0
152 , 0 , -1.71675 , 0 , 0.223530838589 , 0.884525915956 , -0.469517308689 , -0.558783889987 , 0.19390204306 , 0.0992635412194 , 0 , 0 , 0
153 , 0 , -1.71675 , 0 , 0.225640025314 , 0.883951821225 , -0.474407666253 , -0.559527799143 , 0.197056601325 , 0.101045320877 , 0 , 0 , 0
154 , 0 , -1.71675 , 0 , 0.227632351777 , 0.883173255769 , -0.479273635837 , -0.560091718499 , 0.200156090208 , 0.10281706957 , 0 , 0 , 0
155 , 0 , -1.71675 , 0 , 0.229399470669 , 0.881918785512 , -0.484157195667 , -0.560288468049 , 0.203130699023 , 0.104542288833 , 0 , 0 , 0
156 , 0 , -1.71675 , 0 , 0.230827229057 , 0.879909860663 , -0.489093619573 , -0.559924258178 , 0.205905509466 , 0.106181150333 , 0 , 0 , 0
157 , 0 , -1.71675 , 0 , 0.231798564178 , 0.876868005797 , -0.494110017974 , -0.558805258713 , 0.208402797134 , 0.107691579942 , 0 , 0 , 0
158 , 0 , -1.71675 , 0 , 0.232199985498 , 0.872528804683 , -0.499219503147 , -0.556748383923 , 0.21054606336 , 0.109031273775 , 0 , 0 , 0
159 , 0 , -1.71675 , 0 , 0.231933131137 , 0.866664763347 , -0.504409008904 , -0.553596633181 , 0.212266037821 , 0.11016079002 , 0 , 0 , 0
160 , 0 , -1.71675 , 0 , 0.230932946728 , 0.859121358715 , -0.50962353647 , -0.549241958415 , 0.213509930672 , 0.111048398995 , 0 , 0 , 0
161 , 0 , -1.71675 , 0 , 0.229194559049 , 0.849878852678 , -0.514763510565 , -0.543668504902 , 0.214259236484 , 0.111679498738 , 0 , 0 , 0
162 , 0 , -1.71675 , 0 , 0.226805358229 , 0.839141714927 , -0.519718237913 , -0.537022363413 , 0.214559263742 , 0.112072416878 , 0 , 0 , 0
163 , 0 , -1.71675 , 0 , 0.223958480597 , 0.827386737867 , -0.524416728843 , -0.529650100137 , 0.214538055644 , 0.112289153061 , 0 , 0 , 0
164 , 0 , -1.71675 , 0 , 0.220920250731 , 0.815275434441 , -0.528836138308 , -0.522023835337 , 0.214380126688 , 0.112422752578 , 0 , 0 , 0
165 , 0 , -1.71675 , 0 , 0.217971401671 , 0.803496778751 , -0.532988088419 , -0.514617647409 , 0.21427817726 , 0.112572675748 , 0 , 0 , 0
166 , 0 , -1.71675 , 0 , 0.215359366182 , 0.792660274002 , -0.536933851637 , -0.507841048382 , 0.214405549825 , 0.112830352169 , 0 , 0 , 0
167 , 0 , -1.71675 , 0 , 0.213259626872 , 0.783201668159 , -0.540767943898 , -0.501980068607 , 0.214890039675 , 0.113265137305 , 0 , 0 , 0
168 , 0 , -1.71675 , 0 , 0.2117518105 , 0.775309079449 , -0.544564276548 , -0.497144454659 , 0.215788449794 , 0.113910347562 , 0 , 0 , 0
169 , 0 , -1.71675 , 0 , 0.210828990721 , 0.768948193486 , -0.548361240706 , -0.493291920098 , 0.217093154002 , 0.114765862849 , 0 , 0 , 0
170 , 0 , -1.71675 , 0 , 0.210425209702 , 0.763943808924 , -0.552179245654 , -0.49029345012 , 0.218757485022 , 0.115810807423 , 0 , 0 , 0
171 , 0 , -1.71675 , 0 , 0.210438625677 , 0.760041744718 , -0.556027190058 , -0.487976249409 , 0.220712937593 , 0.117012254157 , 0 , 0 , 0
172 , 0 , -1.71675 , 0 , 0.210744843022 , 0.756938449112 , -0.559895439475 , -0.486138776565 , 0.222874884329 , 0.118328038532 , 0 , 0 , 0
173 , 0 , -1.71675 , 0 , 0.211204292411 , 0.754296078489 , -0.563750161758 , -0.484556513432 , 0.225144447616 , 0.119707563662 , 0 , 0 , 0
174 , 0 , -1.71675 , 0 , 0.211666585231 , 0.751752878694 , -0.56753361357 , -0.482987268382 , 0.227410338116 , 0.121092581782 , 0 , 0 , 0
175 , 0 , -1.71675 , 0 , 0.211972897829 , 0.748930193738 , -0.571167305034 , -0.481176314127 , 0.229550794454 , 0.12241804227 , 0 , 0 , 0
176 , 0 , -1.71675 , 0 , 0.211957618871 , 0.745437557311 , -0.574555056444 , -0.478861547889 , 0.231435703307 , 0.123613065609 , 0 , 0 , 0
177 , 0 , -1.71675 , 0 , 0.211451368365 , 0.74087996646 , -0.577585134389 , -0.475781035504 , 0.23293003921 , 0.12460266782 , 0 , 0 , 0
178 , 0 , -1.71675 , 0 , 0.21028814441 , 0.734872938238 , -0.580131779751 , -0.471686275612 , 0.233900344693 , 0.125311186965 , 0 , 0 , 0
179 , 0 , -1.71675 , 0 , 0.208319394894 , 0.72707043395 , -0.582056223872 , -0.466363519016 , 0.23422561803 , 0.125668196063 , 0 , 0 , 0
180 , 0 , -1.71675 , 0 , 0.205437030531 , 0.717209302985 , -0.583208396869 , -0.459664005195 , 0.233813344057 , 0.125617356753 , 0 , 0 , 0
181 , 0 , -1.71675 , 0 , 0.201606176232 , 0.705176302483 , -0.583440085802 , -0.45154718182 , 0.232623128718 , 0.125129587156 , 0 , 0 , 0
182 , 0 , -1.71675 , 0 , 0.196905065184 , 0.691105670771 , -0.582656053897 , -0.442145185729 , 0.230702868128 , 0.124223258861 , 0 , 0 , 0
183 , 0 , -1.71675 , 0 , 0.191553970748 , 0.675472660413 , -0.580903886254 , -0.431822993851 , 0.22822503066 , 0.122984819332 , 0 , 0 , 0
184 , 0 , -1.71675 , 0 , 0.18589545181 , 0.659066463993 , -0.578414179761 , -0.421142705607 , 0.225474225261 , 0.121563387084 , 0 , 0 , 0
185 , 0 , -1.71675 , 0 , 0.180319624156 , 0.642805880441 , -0.575533878223 , -0.410714082218 , 0.222772461888 , 0.120131311425 , 0 , 0 , 0
186 , 0 , -1.71675 , 0 , 0.175183625531 , 0.627549676531 , -0.572655924567 , -0.401065917329 , 0.220410811574 , 0.118847197965 , 0 , 0 , 0
187 , 0 , -1.71675 , 0 , 0.170753700179 , 0.613965263485 , -0.570165189984 , -0.392577124614 , 0.218609536858 , 0.117833684771 , 0 , 0 , 0
188 , 0 , -1.71675 , 0 , 0.167168304901 , 0.602416567065 , -0.568337533593 , -0.385419132293 , 0.217481676099 , 0.117156967044 , 0 , 0 , 0
189 , 0 , -1.71675 , 0 , 0.16443964864 , 0.592947570289 , -0.567283324422 , -0.379562261508 , 0.217030445072 , 0.116824498997 , 0 , 0 , 0
190 , 0 , -1.71675 , 0 , 0.162488326998 , 0.585372572923 , -0.566982936625 , -0.374849509639 , 0.21718546554 , 0.116803770959 , 0 , 0 , 0
191 , 0 , -1.71675 , 0 , 0.161180615663 , 0.579375221336 , -0.567336844879 , -0.371064149132 , 0.217838090206 , 0.117040950751 , 0 , 0 , 0
1 , 0 , -1.71675 , 0 , -0.982857786355 , 4.58666966966 , 0.0 , -3.99798566986 , -0.85671121497 , -0.0 , 0 , 0 , 0
2 , 0 , -1.71675 , 0 , -0.976162142734 , 4.29799714217 , -0.013023201811 , -3.66163784157 , -0.831632065612 , -0.0 , 0 , 0 , 0
3 , 0 , -1.71675 , 0 , -0.966350555923 , 4.04281961141 , -0.0351987021135 , -3.37271172599 , -0.806173808474 , 0.000186605711258 , 0 , 0 , 0
4 , 0 , -1.71675 , 0 , -0.954186522636 , 3.81523076499 , -0.0631799898894 , -3.12196391592 , -0.780790224098 , 0.000649077988864 , 0 , 0 , 0
5 , 0 , -1.71675 , 0 , -0.940377868611 , 3.61120313684 , -0.0936367525625 , -2.90320221391 , -0.755973723174 , 0.00141429052173 , 0 , 0 , 0
6 , 0 , -1.71675 , 0 , -0.925610551676 , 3.42801116256 , -0.12335219641 , -2.71217178215 , -0.732235292417 , 0.00246500266534 , 0 , 0 , 0
7 , 0 , -1.71675 , 0 , -0.910314716958 , 3.26296323451 , -0.149594781927 , -2.54464240396 , -0.709742615344 , 0.00375260338401 , 0 , 0 , 0
8 , 0 , -1.71675 , 0 , -0.894718738952 , 3.11349279106 , -0.170492280076 , -2.39661142414 , -0.688424620788 , 0.00520878222621 , 0 , 0 , 0
9 , 0 , -1.71675 , 0 , -0.879024062523 , 2.97763961234 , -0.18516325323 , -2.26503142773 , -0.668235889832 , 0.00675874598759 , 0 , 0 , 0
10 , 0 , -1.71675 , 0 , -0.863334558331 , 2.85363005033 , -0.19351752269 , -2.14725256295 , -0.649062804396 , 0.00833113123291 , 0 , 0 , 0
11 , 0 , -1.71675 , 0 , -0.847652229556 , 2.73977073272 , -0.195915161238 , -2.04087954249 , -0.630718367637 , 0.00986330099443 , 0 , 0 , 0
12 , 0 , -1.71675 , 0 , -0.831970545999 , 2.63468220521 , -0.192864667479 , -1.94404954809 , -0.613057534808 , 0.0113042283511 , 0 , 0 , 0
13 , 0 , -1.71675 , 0 , -0.816315407012 , 2.53734393335 , -0.184808580305 , -1.8554426909 , -0.596015039372 , 0.012614733953 , 0 , 0 , 0
14 , 0 , -1.71675 , 0 , -0.800743160347 , 2.44701487282 , -0.172028466696 , -1.77414422232 , -0.579590177836 , 0.0137655484345 , 0 , 0 , 0
15 , 0 , -1.71675 , 0 , -0.785349983271 , 2.3632079968 , -0.154697029259 , -1.69959929077 , -0.563852509692 , 0.0147353485992 , 0 , 0 , 0
16 , 0 , -1.71675 , 0 , -0.770303315505 , 2.28573506311 , -0.133106366152 , -1.63167311691 , -0.548978174536 , 0.0155105230156 , 0 , 0 , 0
17 , 0 , -1.71675 , 0 , -0.755812984869 , 2.21456618115 , -0.108076916242 , -1.57048535649 , -0.535208581693 , 0.0160848418566 , 0 , 0 , 0
18 , 0 , -1.71675 , 0 , -0.741908841241 , 2.14914539589 , -0.0813658590478 , -1.51556192116 , -0.522565863056 , 0.0164537084509 , 0 , 0 , 0
19 , 0 , -1.71675 , 0 , -0.728409187659 , 2.08834143435 , -0.0556033118003 , -1.46571579475 , -0.510796225556 , 0.0166164392953 , 0 , 0 , 0
20 , 0 , -1.71675 , 0 , -0.715297703134 , 2.0315936282 , -0.0333723416411 , -1.42033843619 , -0.499810097252 , 0.0165949455187 , 0 , 0 , 0
21 , 0 , -1.71675 , 0 , -0.702493231963 , 1.97825825021 , -0.0160655879236 , -1.37860748397 , -0.489419705829 , 0.0164236846674 , 0 , 0 , 0
22 , 0 , -1.71675 , 0 , -0.689927297713 , 1.92784092294 , -0.00380985731325 , -1.33984490433 , -0.479465943954 , 0.0161439886729 , 0 , 0 , 0
23 , 0 , -1.71675 , 0 , -0.677680277092 , 1.88034090808 , 0.00393166539667 , -1.30398178614 , -0.469991828506 , 0.0158007970854 , 0 , 0 , 0
24 , 0 , -1.71675 , 0 , -0.665800847838 , 1.83569674644 , 0.0078456790411 , -1.27091559425 , -0.461022632977 , 0.0154310678764 , 0 , 0 , 0
25 , 0 , -1.71675 , 0 , -0.654274989937 , 1.79369269824 , 0.00851957094595 , -1.24039367155 , -0.452522821263 , 0.0150621801358 , 0 , 0 , 0
26 , 0 , -1.71675 , 0 , -0.643067980978 , 1.75407649216 , 0.00638146366243 , -1.21214168521 , -0.444440942735 , 0.0147150633545 , 0 , 0 , 0
27 , 0 , -1.71675 , 0 , -0.632144814456 , 1.71661397584 , 0.00173068203232 , -1.18592080975 , -0.43673104972 , 0.0144066859929 , 0 , 0 , 0
28 , 0 , -1.71675 , 0 , -0.621470898063 , 1.68108889613 , -0.00519887800142 , -1.16152368183 , -0.42935242514 , 0.0141513681517 , 0 , 0 , 0
29 , 0 , -1.71675 , 0 , -0.611008657949 , 1.6472927022 , -0.0141629126659 , -1.13875937292 , -0.422265030144 , 0.0139613672451 , 0 , 0 , 0
30 , 0 , -1.71675 , 0 , -0.600723403777 , 1.61504028754 , -0.0248325943718 , -1.11746699739 , -0.415435281416 , 0.0138472009896 , 0 , 0 , 0
31 , 0 , -1.71675 , 0 , -0.590604194105 , 1.58422521915 , -0.036746187072 , -1.09757309835 , -0.408858228624 , 0.0138179881634 , 0 , 0 , 0
32 , 0 , -1.71675 , 0 , -0.580674643805 , 1.55484527523 , -0.0493130572234 , -1.07911363366 , -0.40256700463 , 0.0138811052506 , 0 , 0 , 0
33 , 0 , -1.71675 , 0 , -0.570959278376 , 1.52690783953 , -0.0618715767481 , -1.06211681154 , -0.396590249434 , 0.0140401678957 , 0 , 0 , 0
34 , 0 , -1.71675 , 0 , -0.5614476958 , 1.50033262651 , -0.0737792231831 , -1.04648612704 , -0.390908437726 , 0.0142932057642 , 0 , 0 , 0
35 , 0 , -1.71675 , 0 , -0.552115209233 , 1.47500778608 , -0.0845090073217 , -1.03207036066 , -0.385479366742 , 0.0146336566672 , 0 , 0 , 0
36 , 0 , -1.71675 , 0 , -0.542946204281 , 1.45085118928 , -0.0937120919225 , -1.01874648839 , -0.380269160921 , 0.0150522157656 , 0 , 0 , 0
37 , 0 , -1.71675 , 0 , -0.533919527046 , 1.42776914486 , -0.101223055695 , -1.00638106768 , -0.37523836404 , 0.0155374240284 , 0 , 0 , 0
38 , 0 , -1.71675 , 0 , -0.525001721537 , 1.40563803864 , -0.107023402704 , -0.994813176127 , -0.370335790077 , 0.0160764508317 , 0 , 0 , 0
39 , 0 , -1.71675 , 0 , -0.516162024436 , 1.38434509355 , -0.111191829381 , -0.983903758129 , -0.365517004688 , 0.0166566519143 , 0 , 0 , 0
40 , 0 , -1.71675 , 0 , -0.507383291214 , 1.36381763299 , -0.1138557581 , -0.973569765749 , -0.360757259659 , 0.0172667597356 , 0 , 0 , 0
41 , 0 , -1.71675 , 0 , -0.498660307079 , 1.34401818723 , -0.115151166395 , -0.963776424698 , -0.356048877051 , 0.0178971838406 , 0 , 0 , 0
42 , 0 , -1.71675 , 0 , -0.489993455368 , 1.32492735337 , -0.115195007037 , -0.954514229121 , -0.351392879801 , 0.0185397540409 , 0 , 0 , 0
43 , 0 , -1.71675 , 0 , -0.481383984236 , 1.30653124398 , -0.114069734521 , -0.945781635578 , -0.346792656768 , 0.0191873042468 , 0 , 0 , 0
44 , 0 , -1.71675 , 0 , -0.472831917505 , 1.28881616415 , -0.11181690952 , -0.937577242432 , -0.342251099936 , 0.0198332753123 , 0 , 0 , 0
45 , 0 , -1.71675 , 0 , -0.464335764297 , 1.27176804752 , -0.108437308466 , -0.929898812449 , -0.337770251674 , 0.0204713889198 , 0 , 0 , 0
46 , 0 , -1.71675 , 0 , -0.455893421477 , 1.25537483485 , -0.103896846437 , -0.922747221332 , -0.333352738667 , 0.0210954298922 , 0 , 0 , 0
47 , 0 , -1.71675 , 0 , -0.447504341968 , 1.23963176557 , -0.0981399656084 , -0.916135724885 , -0.329005085396 , 0.0216992110641 , 0 , 0 , 0
48 , 0 , -1.71675 , 0 , -0.439173245917 , 1.22455000009 , -0.0911142999207 , -0.91010556003 , -0.32474319221 , 0.022276820183 , 0 , 0 , 0
49 , 0 , -1.71675 , 0 , -0.430913992773 , 1.21016430032 , -0.0828108389474 , -0.904742382447 , -0.320597915165 , 0.0228231084827 , 0 , 0 , 0
50 , 0 , -1.71675 , 0 , -0.422747327474 , 1.1965218265 , -0.0733190697599 , -0.900168223224 , -0.316611770812 , 0.0233338522965 , 0 , 0 , 0
51 , 0 , -1.71675 , 0 , -0.414684607109 , 1.18363004386 , -0.0628832085331 , -0.896474129033 , -0.312814897225 , 0.0238046291334 , 0 , 0 , 0
52 , 0 , -1.71675 , 0 , -0.406710772443 , 1.17140356998 , -0.0519277943801 , -0.893638645208 , -0.30919684095 , 0.0242294204462 , 0 , 0 , 0
53 , 0 , -1.71675 , 0 , -0.398800741103 , 1.15971295317 , -0.0410148557032 , -0.891572018655 , -0.305722640643 , 0.0246026796815 , 0 , 0 , 0
54 , 0 , -1.71675 , 0 , -0.390943336007 , 1.14846462439 , -0.0307180341968 , -0.890206358943 , -0.302364269492 , 0.0249227051037 , 0 , 0 , 0
55 , 0 , -1.71675 , 0 , -0.383124419732 , 1.13756538473 , -0.021472642566 , -0.889441063847 , -0.299082313714 , 0.0251903884274 , 0 , 0 , 0
56 , 0 , -1.71675 , 0 , -0.37532377383 , 1.12692132192 , -0.0135032591441 , -0.889146497388 , -0.295827858249 , 0.0254085184186 , 0 , 0 , 0
57 , 0 , -1.71675 , 0 , -0.367535149895 , 1.11649825758 , -0.00684586732202 , -0.88926230858 , -0.292575482027 , 0.0255833158964 , 0 , 0 , 0
58 , 0 , -1.71675 , 0 , -0.359761968372 , 1.10630474488 , -0.00141370905534 , -0.889788061232 , -0.289319503426 , 0.0257230547111 , 0 , 0 , 0
59 , 0 , -1.71675 , 0 , -0.352003759584 , 1.09634518821 , 0.00293822069654 , -0.890723081993 , -0.286053870187 , 0.0258355470211 , 0 , 0 , 0
60 , 0 , -1.71675 , 0 , -0.344253810347 , 1.08660777497 , 0.00636807495271 , -0.892048987652 , -0.282766584772 , 0.0259272228233 , 0 , 0 , 0
61 , 0 , -1.71675 , 0 , -0.336502944371 , 1.07707324929 , 0.0090229877111 , -0.89374047189 , -0.279443323125 , 0.0260033308716 , 0 , 0 , 0
62 , 0 , -1.71675 , 0 , -0.328742498881 , 1.06772288701 , 0.0110294152253 , -0.895775501337 , -0.276070690632 , 0.0260682971871 , 0 , 0 , 0
63 , 0 , -1.71675 , 0 , -0.320965299071 , 1.0585411354 , 0.0124910981372 , -0.898138366237 , -0.272637105387 , 0.0261259465174 , 0 , 0 , 0
64 , 0 , -1.71675 , 0 , -0.313165576027 , 1.04951531717 , 0.0134903802748 , -0.900818725065 , -0.269132411303 , 0.0261796235375 , 0 , 0 , 0
65 , 0 , -1.71675 , 0 , -0.305338604383 , 1.04063458063 , 0.0140907231157 , -0.903809659224 , -0.265547212154 , 0.0262322790923 , 0 , 0 , 0
66 , 0 , -1.71675 , 0 , -0.297480377158 , 1.03188899736 , 0.0143394098769 , -0.907106017276 , -0.261872327806 , 0.026286551318 , 0 , 0 , 0
67 , 0 , -1.71675 , 0 , -0.289587387969 , 1.02326899369 , 0.0142700175108 , -0.910703320255 , -0.258098446066 , 0.0263448485655 , 0 , 0 , 0
68 , 0 , -1.71675 , 0 , -0.281656505721 , 1.01476505734 , 0.0139045213224 , -0.914597142381 , -0.254215932966 , 0.0264094332182 , 0 , 0 , 0
69 , 0 , -1.71675 , 0 , -0.273684911393 , 1.00636762029 , 0.0132550313652 , -0.918782818978 , -0.250214748322 , 0.0264825045172 , 0 , 0 , 0
70 , 0 , -1.71675 , 0 , -0.265670071718 , 0.998067039268 , 0.0123252196398 , -0.923255362212 , -0.246084425052 , 0.026566279376 , 0 , 0 , 0
71 , 0 , -1.71675 , 0 , -0.257609732541 , 0.989853622506 , 0.0111115231112 , -0.928009505825 , -0.241814084909 , 0.0266630709796 , 0 , 0 , 0
72 , 0 , -1.71675 , 0 , -0.249501920274 , 0.981717669745 , 0.00960422036477 , -0.933039828635 , -0.237392473036 , 0.0267753652239 , 0 , 0 , 0
73 , 0 , -1.71675 , 0 , -0.24134494283 , 0.973649501831 , 0.00778848914921 , -0.938340918753 , -0.232807998396 , 0.0269058946625 , 0 , 0 , 0
74 , 0 , -1.71675 , 0 , -0.233137382208 , 0.9656394571 , 0.00564556162852 , -0.943907536378 , -0.228048767498 , 0.0270577086044 , 0 , 0 , 0
75 , 0 , -1.71675 , 0 , -0.224878070692 , 0.957677828043 , 0.00315410289729 , -0.949734715167 , -0.223102596451 , 0.027234236367 , 0 , 0 , 0
76 , 0 , -1.71675 , 0 , -0.216566043169 , 0.94975470955 , 0.000291940860572 , -0.955817719543 , -0.21795698415 , 0.027439338645 , 0 , 0 , 0
77 , 0 , -1.71675 , 0 , -0.208200462481 , 0.94185974274 , -0.00296173851669 , -0.962151772527 , -0.212599033472 , 0.0276773401916 , 0 , 0 , 0
78 , 0 , -1.71675 , 0 , -0.199780526857 , 0.93398178684 , -0.0066236633528 , -0.968731532425 , -0.207015326368 , 0.0279530369435 , 0 , 0 , 0
79 , 0 , -1.71675 , 0 , -0.191305389829 , 0.926108652105 , -0.0107032476929 , -0.975550476971 , -0.20119179876 , 0.0282716741476 , 0 , 0 , 0
80 , 0 , -1.71675 , 0 , -0.182774144948 , 0.918227152595 , -0.0151990650868 , -0.982600627156 , -0.195113708471 , 0.0286388991146 , 0 , 0 , 0
81 , 0 , -1.71675 , 0 , -0.174185924234 , 0.910323766524 , -0.0200954630015 , -0.989873184814 , -0.188765792693 , 0.0290606977423 , 0 , 0 , 0
82 , 0 , -1.71675 , 0 , -0.165540099944 , 0.902385928999 , -0.0253600062307 , -0.997360238306 , -0.182132599317 , 0.0295433166206 , 0 , 0 , 0
83 , 0 , -1.71675 , 0 , -0.15683647641 , 0.894403396743 , -0.0309425642555 , -1.00505653303 , -0.17519876007 , 0.0300931465551 , 0 , 0 , 0
84 , 0 , -1.71675 , 0 , -0.148075315208 , 0.886368697469 , -0.0367767028233 , -1.0129593091 , -0.167948864872 , 0.0307165216995 , 0 , 0 , 0
85 , 0 , -1.71675 , 0 , -0.139257168918 , 0.878276192694 , -0.0427835899171 , -1.02106515226 , -0.160366873151 , 0.0314194204364 , 0 , 0 , 0
86 , 0 , -1.71675 , 0 , -0.130382725012 , 0.870120641477 , -0.0488780725433 , -1.0293658136 , -0.152435524733 , 0.0322071465854 , 0 , 0 , 0
87 , 0 , -1.71675 , 0 , -0.121452888022 , 0.861896756579 , -0.0549760729756 , -1.03784665069 , -0.144136332692 , 0.0330841273115 , 0 , 0 , 0
88 , 0 , -1.71675 , 0 , -0.112469059591 , 0.853599985741 , -0.0610020275332 , -1.04648874539 , -0.135450153 , 0.0340538910099 , 0 , 0 , 0
89 , 0 , -1.71675 , 0 , -0.103433357068 , 0.845227171262 , -0.0668949672224 , -1.0552717741 , -0.126357754544 , 0.0351191557632 , 0 , 0 , 0
90 , 0 , -1.71675 , 0 , -0.09434863285 , 0.836776029533 , -0.0726122496103 , -1.0641746821 , -0.116840002902 , 0.03628193129 , 0 , 0 , 0
91 , 0 , -1.71675 , 0 , -0.0852184037998 , 0.82824395332 , -0.0781307203292 , -1.07317463623 , -0.106877833219 , 0.037543624037 , 0 , 0 , 0
92 , 0 , -1.71675 , 0 , -0.0760468420825 , 0.819627255851 , -0.0834457741931 , -1.08224657169 , -0.0964523318995 , 0.0389051937951 , 0 , 0 , 0
93 , 0 , -1.71675 , 0 , -0.0668388466582 , 0.810921216154 , -0.0885690775316 , -1.09136426327 , -0.0855449654072 , 0.0403673760242 , 0 , 0 , 0
94 , 0 , -1.71675 , 0 , -0.0576001264891 , 0.802120460407 , -0.0935256398067 , -1.10050193601 , -0.074137784687 , 0.0419309265035 , 0 , 0 , 0
95 , 0 , -1.71675 , 0 , -0.0483372506397 , 0.793219143874 , -0.0983507442388 , -1.10963513109 , -0.0622134889789 , 0.043596833131 , 0 , 0 , 0
96 , 0 , -1.71675 , 0 , -0.0390576776968 , 0.784210781748 , -0.103087101934 , -1.11874042283 , -0.0497553795343 , 0.0453664686725 , 0 , 0 , 0
97 , 0 , -1.71675 , 0 , -0.0297698003485 , 0.775087878822 , -0.10778246321 , -1.12779438463 , -0.0367473014336 , 0.0472416902746 , 0 , 0 , 0
98 , 0 , -1.71675 , 0 , -0.020483030139 , 0.765841556118 , -0.112487787366 , -1.13677240067 , -0.0231736479723 , 0.0492249056516 , 0 , 0 , 0
99 , 0 , -1.71675 , 0 , -0.0112079286664 , 0.7564612772 , -0.11725596098 , -1.14564771191 , -0.00901944992931 , 0.051319124149 , 0 , 0 , 0
100 , 0 , -1.71675 , 0 , -0.00195638101182 , 0.746934675106 , -0.122140983972 , -1.1543908083 , 0.00572946319839 , 0.053528003276 , 0 , 0 , 0
101 , 0 , -1.71675 , 0 , 0.00725819374736 , 0.737247428933 , -0.127197510483 , -1.16296910351 , 0.0210862529873 , 0.0558558944925 , 0 , 0 , 0
102 , 0 , -1.71675 , 0 , 0.0164205962175 , 0.727383132023 , -0.132480626364 , -1.17134676798 , 0.0370628306125 , 0.0583078878536 , 0 , 0 , 0
103 , 0 , -1.71675 , 0 , 0.0255135612594 , 0.717323108577 , -0.138045754393 , -1.17948460362 , 0.053669591726 , 0.0608898529404 , 0 , 0 , 0
104 , 0 , -1.71675 , 0 , 0.0345174267526 , 0.707046155394 , -0.143948593616 , -1.18733987616 , 0.0709151261963 , 0.0636084723067 , 0 , 0 , 0
105 , 0 , -1.71675 , 0 , 0.0434097480684 , 0.696528203153 , -0.150245016016 , -1.19486605916 , 0.0888058951212 , 0.0664712628692 , 0 , 0 , 0
106 , 0 , -1.71675 , 0 , 0.0521648494627 , 0.68574190615 , -0.156990860879 , -1.20201248069 , 0.107345865111 , 0.0694865802366 , 0 , 0 , 0
107 , 0 , -1.71675 , 0 , 0.0607533045679 , 0.674656181437 , -0.16424158606 , -1.20872390344 , 0.126536091871 , 0.0726636012099 , 0 , 0 , 0
108 , 0 , -1.71675 , 0 , 0.0691413399962 , 0.663235727092 , -0.172051757608 , -1.21494011007 , 0.146374252436 , 0.0760122808312 , 0 , 0 , 0
109 , 0 , -1.71675 , 0 , 0.0772901577954 , 0.651440550851 , -0.180474385317 , -1.22059559638 , 0.166854137413 , 0.0795432820768 , 0 , 0 , 0
110 , 0 , -1.71675 , 0 , 0.0851551722355 , 0.639225528509 , -0.189560138474 , -1.22561947301 , 0.187965127022 , 0.0832678772541 , 0 , 0 , 0
111 , 0 , -1.71675 , 0 , 0.0926851518138 , 0.626539982305 , -0.199356494598 , -1.22993561748 , 0.209691678918 , 0.0871978181952 , 0 , 0 , 0
112 , 0 , -1.71675 , 0 , 0.0998212473589 , 0.613327228716 , -0.209906871444 , -1.23346300252 , 0.232012842082 , 0.0913451658171 , 0 , 0 , 0
113 , 0 , -1.71675 , 0 , 0.106495874456 , 0.599524012313 , -0.221249757774 , -1.23611600123 , 0.25490177851 , 0.0957220596841 , 0 , 0 , 0
114 , 0 , -1.71675 , 0 , 0.112631410559 , 0.585059744524 , -0.233417791722 , -1.23780442284 , 0.278325238102 , 0.100340399868 , 0 , 0 , 0
115 , 0 , -1.71675 , 0 , 0.118138673096 , 0.569855516618 , -0.246436651084 , -1.23843312429 , 0.302242917957 , 0.105211412432 , 0 , 0 , 0
116 , 0 , -1.71675 , 0 , 0.12291516979 , 0.553822940447 , -0.260323531246 , -1.23790122674 , 0.326606657369 , 0.110345076176 , 0 , 0 , 0
117 , 0 , -1.71675 , 0 , 0.126843157937 , 0.536862960157 , -0.275084888739 , -1.23610109879 , 0.351359452445 , 0.115749392722 , 0 , 0 , 0
118 , 0 , -1.71675 , 0 , 0.129787621718 , 0.518864871845 , -0.290713009391 , -1.23291724447 , 0.376434280336 , 0.121429473566 , 0 , 0 , 0
119 , 0 , -1.71675 , 0 , 0.131594394347 , 0.499705926314 , -0.307180842975 , -1.22822512509 , 0.401752694334 , 0.127386397 , 0 , 0 , 0
120 , 0 , -1.71675 , 0 , 0.132088838498 , 0.479252116745 , -0.324434511923 , -1.2218899406 , 0.427223132283 , 0.133615770979 , 0 , 0 , 0
121 , 0 , -1.71675 , 0 , 0.131075764373 , 0.457361058735 , -0.342383054787 , -1.21376560505 , 0.452738928166 , 0.140105943893 , 0 , 0 , 0
122 , 0 , -1.71675 , 0 , 0.128341590639 , 0.433888176784 , -0.360885386827 , -1.20369447533 , 0.478176138816 , 0.146835841461 , 0 , 0 , 0
123 , 0 , -1.71675 , 0 , 0.123660082228 , 0.408697600178 , -0.379735201834 , -1.19150865058 , 0.503391452038 , 0.153772471999 , 0 , 0 , 0
124 , 0 , -1.71675 , 0 , 0.116803220708 , 0.381679092775 , -0.398645642525 , -1.17703375721 , 0.5282205884 , 0.160868235849 , 0 , 0 , 0
125 , 0 , -1.71675 , 0 , 0.107558680969 , 0.352771778931 , -0.417237033324 , -1.16009609183 , 0.552477741031 , 0.16805830856 , 0 , 0 , 0
126 , 0 , -1.71675 , 0 , 0.0957546991429 , 0.321994086461 , -0.435032618035 , -1.14053382098 , 0.575956718967 , 0.175258547324 , 0 , 0 , 0
127 , 0 , -1.71675 , 0 , 0.0812914823144 , 0.289476966848 , -0.451468491763 , -1.11821252964 , 0.598434530364 , 0.182364572793 , 0 , 0 , 0
128 , 0 , -1.71675 , 0 , 0.0641756001769 , 0.255494224493 , -0.465923661539 , -1.09304460608 , 0.619678060229 , 0.189252830661 , 0 , 0 , 0
129 , 0 , -1.71675 , 0 , 0.044550485814 , 0.220480657933 , -0.477773087045 , -1.0650106794 , 0.639454137337 , 0.195784417938 , 0 , 0 , 0
130 , 0 , -1.71675 , 0 , 0.0227136455227 , 0.185027600863 , -0.486460008849 , -1.03417980616 , 0.657542584691 , 0.20181213584 , 0 , 0 , 0
131 , 0 , -1.71675 , 0 , -0.000888525966504 , 0.149848507007 , -0.491575212359 , -1.00072391895 , 0.673750910918 , 0.207190547291 , 0 , 0 , 0
132 , 0 , -1.71675 , 0 , -0.025692828674 , 0.115715163782 , -0.492923965129 , -0.964921994467 , 0.687928438561 , 0.211787891869 , 0 , 0 , 0
133 , 0 , -1.71675 , 0 , -0.0510745725747 , 0.0833755750658 , -0.490560992708 , -0.92715101682 , 0.699977303624 , 0.215497876289 , 0 , 0 , 0
134 , 0 , -1.71675 , 0 , -0.0764141982096 , 0.0534724259342 , -0.48478219456 , -0.887863884066 , 0.70985819554 , 0.218249035943 , 0 , 0 , 0
135 , 0 , -1.71675 , 0 , -0.101159321323 , 0.0264816408723 , -0.476075740163 , -0.847557828083 , 0.717589875245 , 0.220009807693 , 0 , 0 , 0
136 , 0 , -1.71675 , 0 , -0.124868816243 , 0.00268324889334 , -0.465047745723 , -0.806739243182 , 0.723242970253 , 0.220788545169 , 0 , 0 , 0
137 , 0 , -1.71675 , 0 , -0.147232781871 , -0.0178343481795 , -0.452342941094 , -0.765891134779 , 0.726929727482 , 0.22062898623 , 0 , 0 , 0
138 , 0 , -1.71675 , 0 , -0.168070116924 , -0.0351448970624 , -0.438577555845 , -0.725447836311 , 0.728791928638 , 0.219602631451 , 0 , 0 , 0
139 , 0 , -1.71675 , 0 , -0.187310530586 , -0.0494418608736 , -0.424293630862 , -0.685779140898 , 0.728989011482 , 0.217799831864 , 0 , 0 , 0
140 , 0 , -1.71675 , 0 , -0.204969111107 , -0.0609942800771 , -0.409935827684 , -0.647183631725 , 0.727687835782 , 0.215321160271 , 0 , 0 , 0
141 , 0 , -1.71675 , 0 , -0.221120099524 , -0.0701084002869 , -0.395846517003 , -0.609889441341 , 0.725054803044 , 0.212270104693 , 0 , 0 , 0
142 , 0 , -1.71675 , 0 , -0.235873957434 , -0.0770984233097 , -0.382272985216 , -0.574060056926 , 0.721250421975 , 0.208747544746 , 0 , 0 , 0
143 , 0 , -1.71675 , 0 , -0.249359452089 , -0.0822666694247 , -0.369381016141 , -0.539802889615 , 0.716426011436 , 0.204848023135 , 0 , 0 , 0
144 , 0 , -1.71675 , 0 , -0.261710865477 , -0.0858917492717 , -0.357270590773 , -0.507178804947 , 0.710722044644 , 0.200657558123 , 0 , 0 , 0
145 , 0 , -1.71675 , 0 , -0.273059589854 , -0.0882227565543 , -0.345991062494 , -0.476211388607 , 0.704267601003 , 0.19625263397 , 0 , 0 , 0
146 , 0 , -1.71675 , 0 , -0.283529086302 , -0.0894775648708 , -0.335554454154 , -0.446895233969 , 0.697180438562 , 0.191700001731 , 0 , 0 , 0
147 , 0 , -1.71675 , 0 , -0.293232212972 , -0.0898436724618 , -0.325946385352 , -0.419202929368 , 0.689567290974 , 0.187056974927 , 0 , 0 , 0
148 , 0 , -1.71675 , 0 , -0.302270097892 , -0.0894804580938 , -0.317134644171 , -0.39309069942 , 0.681524117173 , 0.182371983164 , 0 , 0 , 0
149 , 0 , -1.71675 , 0 , -0.310731937524 , -0.0885220823141 , -0.30907567897 , -0.368502835967 , 0.673136181294 , 0.1776852321 , 0 , 0 , 0
150 , 0 , -1.71675 , 0 , -0.318695299232 , -0.0870805584598 , -0.301719389062 , -0.345375149558 , 0.664477982729 , 0.173029393231 , 0 , 0 , 0
151 , 0 , -1.71675 , 0 , -0.32622667029 , -0.0852487276191 , -0.295012593144 , -0.323637687133 , 0.65561314456 , 0.168430296958 , 0 , 0 , 0
152 , 0 , -1.71675 , 0 , -0.333382114714 , -0.08310301105 , -0.288901493503 , -0.303216916233 , 0.646594377927 , 0.163907622778 , 0 , 0 , 0
153 , 0 , -1.71675 , 0 , -0.340207969241 , -0.0807058948905 , -0.283333374607 , -0.284037508397 , 0.637463591661 , 0.159475580163 , 0 , 0 , 0
154 , 0 , -1.71675 , 0 , -0.346741542244 , -0.078108141323 , -0.278257710979 , -0.266023800877 , 0.62825216192 , 0.155143568845 , 0 , 0 , 0
155 , 0 , -1.71675 , 0 , -0.353011793081 , -0.0753507355777 , -0.273626823878 , -0.249100990277 , 0.618981353502 , 0.150916808357 , 0 , 0 , 0
156 , 0 , -1.71675 , 0 , -0.359039978645 , -0.0724665836975 , -0.269396209431 , -0.233196104345 , 0.609662890952 , 0.146796933383 , 0 , 0 , 0
157 , 0 , -1.71675 , 0 , -0.364840262488 , -0.0694819792771 , -0.265524645302 , -0.218238791667 , 0.600299685205 , 0.142782556799 , 0 , 0 , 0
158 , 0 , -1.71675 , 0 , -0.370420286856 , -0.0664178601183 , -0.261974159368 , -0.204161956224 , 0.590886709873 , 0.138869801644 , 0 , 0 , 0
159 , 0 , -1.71675 , 0 , -0.37578170777 , -0.0632908774917 , -0.258709914937 , -0.190902249447 , 0.581411994331 , 0.135052798488 , 0 , 0 , 0
160 , 0 , -1.71675 , 0 , -0.380920690226 , -0.060114301194 , -0.255700040751 , -0.17840042426 , 0.57185767753 , 0.131324140504 , 0 , 0 , 0
161 , 0 , -1.71675 , 0 , -0.385828358827 , -0.056898783158 , -0.252915416551 , -0.166601556508 , 0.562201061982 , 0.127675288635 , 0 , 0 , 0
162 , 0 , -1.71675 , 0 , -0.390491201937 , -0.0536530015256 , -0.250329417186 , -0.155455146495 , 0.552415625086 , 0.124096923868 , 0 , 0 , 0
163 , 0 , -1.71675 , 0 , -0.394891435906 , -0.0503842061695 , -0.247917617673 , -0.144915122269 , 0.542471978608 , 0.120579251231 , 0 , 0 , 0
164 , 0 , -1.71675 , 0 , -0.399007350013 , -0.0470986856498 , -0.245657465 , -0.134939772932 , 0.532338808401 , 0.117112268551 , 0 , 0 , 0
165 , 0 , -1.71675 , 0 , -0.402813671559 , -0.0438021742486 , -0.243527927781 , -0.125491642884 , 0.521983868142 , 0.11368602084 , 0 , 0 , 0
166 , 0 , -1.71675 , 0 , -0.406282012853 , -0.0405002155473 , -0.241509141312 , -0.116537416033 , 0.511375137635 , 0.11029086731 , 0 , 0 , 0
167 , 0 , -1.71675 , 0 , -0.409381485121 , -0.0371984954575 , -0.239582072924 , -0.10804781255 , 0.500482281583 , 0.106917791366 , 0 , 0 , 0
168 , 0 , -1.71675 , 0 , -0.412079583812 , -0.0339031521046 , -0.237728239606 , -0.099997509489 , 0.489278548053 , 0.103558782487 , 0 , 0 , 0
169 , 0 , -1.71675 , 0 , -0.414343455806 , -0.0306210621028 , -0.235929513693 , -0.0923650796854 , 0.477743209974 , 0.100207309551 , 0 , 0 , 0
170 , 0 , -1.71675 , 0 , -0.416141637881 , -0.0273600925527 , -0.234168048689 , -0.0851329215276 , 0.465864558432 , 0.0968588844353 , 0 , 0 , 0
171 , 0 , -1.71675 , 0 , -0.417446293246 , -0.0241292963651 , -0.232426343511 , -0.0782871288971 , 0.453643294832 , 0.0935116817378 , 0 , 0 , 0
172 , 0 , -1.71675 , 0 , -0.41823586559 , -0.020939017103 , -0.23068744574 , -0.071817235072 , 0.441095965814 , 0.0901671412404 , 0 , 0 , 0
173 , 0 , -1.71675 , 0 , -0.418497939787 , -0.0178008614023 , -0.228935290272 , -0.0657157691969 , 0.428257915136 , 0.0868304497963 , 0 , 0 , 0
174 , 0 , -1.71675 , 0 , -0.418231992257 , -0.0147274962143 , -0.227155195592 , -0.0599775964584 , 0.415185185673 , 0.0835107969151 , 0 , 0 , 0
175 , 0 , -1.71675 , 0 , -0.417451668551 , -0.0117322397162 , -0.225334574673 , -0.0545990621767 , 0.401954911869 , 0.0802213253429 , 0 , 0 , 0
176 , 0 , -1.71675 , 0 , -0.41618620923 , -0.0088284438631 , -0.223463880712 , -0.0495769957766 , 0.388663865486 , 0.0769787258881 , 0 , 0 , 0
177 , 0 , -1.71675 , 0 , -0.414480585875 , -0.00602871470987 , -0.221537628559 , -0.0449076365665 , 0.37542481058 , 0.0738024259927 , 0 , 0 , 0
178 , 0 , -1.71675 , 0 , -0.412393870764 , -0.00334407452905 , -0.219555104869 , -0.0405855524349 , 0.362360371316 , 0.070713331794 , 0 , 0 , 0
179 , 0 , -1.71675 , 0 , -0.409995615258 , -0.000783210977283 , -0.217520372544 , -0.0366026803302 , 0.349594686429 , 0.0677321938801 , 0 , 0 , 0
180 , 0 , -1.71675 , 0 , -0.407360666641 , 0.00164804898854 , -0.215441513492 , -0.0329476857863 , 0.337244199398 , 0.0648778686214 , 0 , 0 , 0
181 , 0 , -1.71675 , 0 , -0.404563499661 , 0.00394696167618 , -0.213329446821 , -0.029605809713 , 0.325409616209 , 0.0621658635022 , 0 , 0 , 0
182 , 0 , -1.71675 , 0 , -0.401673211456 , 0.00611377928275 , -0.21119670983 , -0.0265592187109 , 0.314170578634 , 0.0596074449189 , 0 , 0 , 0
183 , 0 , -1.71675 , 0 , -0.39874981106 , 0.00815139713301 , -0.209056329523 , -0.0237877141475 , 0.303583367079 , 0.0572093422725 , 0 , 0 , 0
184 , 0 , -1.71675 , 0 , -0.395841862982 , 0.0100648094038 , -0.20692072874 , -0.0212696002629 , 0.293681039052 , 0.0549739117285 , 0 , 0 , 0
185 , 0 , -1.71675 , 0 , -0.392985331396 , 0.0118604656632 , -0.204800689051 , -0.0189825571126 , 0.284475278815 , 0.0528996060718 , 0 , 0 , 0
186 , 0 , -1.71675 , 0 , -0.390203507783 , 0.013545625599 , -0.202704541052 , -0.0169044291139 , 0.275959448775 , 0.0509816447984 , 0 , 0 , 0
187 , 0 , -1.71675 , 0 , -0.387507888029 , 0.0151277929829 , -0.200637748941 , -0.0150138773221 , 0.26811240372 , 0.049212797113 , 0 , 0 , 0
188 , 0 , -1.71675 , 0 , -0.384899737043 , 0.0166142754918 , -0.198602912698 , -0.0132908640633 , 0.260902554509 , 0.0475841812779 , 0 , 0 , 0
189 , 0 , -1.71675 , 0 , -0.38237198029 , 0.0180118795814 , -0.196600072303 , -0.0117169613703 , 0.254291669658 , 0.0460859884153 , 0 , 0 , 0
190 , 0 , -1.71675 , 0 , -0.37991107953 , 0.019326723165 , -0.194627149748 , -0.0102754993134 , 0.248238052756 , 0.0447080696233 , 0 , 0 , 0
191 , 0 , -1.71675 , 0 , -0.377498652257 , 0.0205641372479 , -0.192680392265 , -0.00895158747121 , 0.242698942629 , 0.0434403650193 , 0 , 0 , 0
192 , 0 , -1.71675 , 0 , -0.375112710935 , 0.0217286268626 , -0.190754734358 , -0.00773204839266 , 0.237632153327 , 0.042273184207 , 0 , 0 , 0
193 , 0 , -1.71675 , 0 , -0.372728485619 , 0.0228238659288 , -0.188844042214 , -0.00660529851724 , 0.232997065747 , 0.0411973637747 , 0 , 0 , 0
194 , 0 , -1.71675 , 0 , -0.370318842262 , 0.0238527060827 , -0.186941231393 , -0.00556120436917 , 0.228755113446 , 0.0402043315619 , 0 , 0 , 0
195 , 0 , -1.71675 , 0 , -0.367854326981 , 0.0248171842512 , -0.185038259863 , -0.00459093356298 , 0.224869897951 , 0.0392861047842 , 0 , 0 , 0
196 , 0 , -1.71675 , 0 , -0.365302865687 , 0.0257185172213 , -0.183125999881 , -0.00368681311984 , 0.22130704586 , 0.0384352438902 , 0 , 0 , 0
197 , 0 , -1.71675 , 0 , -0.362629138638 , 0.0265570737247 , -0.181193988597 , -0.0028422023322 , 0.218033895073 , 0.0376447787385 , 0 , 0 , 0
198 , 0 , -1.71675 , 0 , -0.359793637336 , 0.0273323158559 , -0.179230051742 , -0.00205138377338 , 0.215019077189 , 0.0369081194691 , 0 , 0 , 0
199 , 0 , -1.71675 , 0 , -0.356751401063 , 0.028042702286 , -0.177219788926 , -0.00130947362167 , 0.212232050446 , 0.036218961744 , 0 , 0 , 0
200 , 0 , -1.71675 , 0 , -0.353450426119 , 0.0286855461342 , -0.175145903964 , -0.000612350807033 , 0.209642633808 , 0.0355711949663 , 0 , 0 , 0
201 , 0 , -1.71675 , 0 , -0.349829747551 , 0.0292568210747 , -0.172987360859 , 4.33968231816e-05 , 0.20722059935 , 0.0349588228206 , 0 , 0 , 0
202 , 0 , -1.71675 , 0 , -0.345817219211 , 0.0297509112362 , -0.170718348264 , 0.00066051248224 , 0.204935399303 , 0.0343759082937 , 0 , 0 , 0
203 , 0 , -1.71675 , 0 , -0.341327077941 , 0.0301603053419 , -0.168307048139 , 0.00124110154526 , 0.20275613973 , 0.0338165607636 , 0 , 0 , 0
204 , 0 , -1.71675 , 0 , -0.336257496052 , 0.0304752462401 , -0.165714238428 , 0.00178666149296 , 0.200651969766 , 0.0332749914525 , 0 , 0 , 0
205 , 0 , -1.71675 , 0 , -0.330488541845 , 0.0306833684092 , -0.162891834093 , 0.00229812258567 , 0.198593137691 , 0.0327456760168 , 0 , 0 , 0
206 , 0 , -1.71675 , 0 , -0.323881334231 , 0.0307693958396 , -0.159781616547 , 0.00277591713994 , 0.196553069396 , 0.0322236785431 , 0 , 0 , 0
